[{"pk": 1, "model": "seguridad.componentes", "fields": {"nombre": "nose"}}, {"pk": 1, "model": "seguridad.alimentos", "fields": {"nombre": "Ma\u00edz", "componete": 1}}, {"pk": 2, "model": "seguridad.alimentos", "fields": {"nombre": "Mill\u00f3n", "componete": 1}}, {"pk": 3, "model": "seguridad.alimentos", "fields": {"nombre": "Sorgo", "componete": 1}}, {"pk": 4, "model": "seguridad.alimentos", "fields": {"nombre": "Fr\u00edjol", "componete": 1}}, {"pk": 5, "model": "seguridad.alimentos", "fields": {"nombre": "Arroz", "componete": 1}}, {"pk": 6, "model": "seguridad.alimentos", "fields": {"nombre": "Aceite", "componete": 1}}, {"pk": 7, "model": "seguridad.alimentos", "fields": {"nombre": "Az\u00facar", "componete": 1}}, {"pk": 8, "model": "seguridad.alimentos", "fields": {"nombre": "Leche", "componete": 1}}, {"pk": 9, "model": "seguridad.alimentos", "fields": {"nombre": "Queso", "componete": 1}}, {"pk": 10, "model": "seguridad.alimentos", "fields": {"nombre": "Cuajada", "componete": 1}}, {"pk": 11, "model": "seguridad.alimentos", "fields": {"nombre": "Crema", "componete": 1}}, {"pk": 12, "model": "seguridad.alimentos", "fields": {"nombre": "Carne de res", "componete": 1}}, {"pk": 13, "model": "seguridad.alimentos", "fields": {"nombre": "Carne de cerdo", "componete": 1}}, {"pk": 14, "model": "seguridad.alimentos", "fields": {"nombre": "Pollo", "componete": 1}}, {"pk": 15, "model": "seguridad.alimentos", "fields": {"nombre": "Huevos", "componete": 1}}, {"pk": 16, "model": "seguridad.alimentos", "fields": {"nombre": "Verduras", "componete": 1}}, {"pk": 17, "model": "seguridad.alimentos", "fields": {"nombre": "Frutas", "componete": 1}}, {"pk": 18, "model": "seguridad.alimentos", "fields": {"nombre": "Guineo", "componete": 1}}, {"pk": 19, "model": "seguridad.alimentos", "fields": {"nombre": "Pl\u00e1tano", "componete": 1}}, {"pk": 20, "model": "seguridad.alimentos", "fields": {"nombre": "Yuca", "componete": 1}}, {"pk": 21, "model": "seguridad.alimentos", "fields": {"nombre": "Papa", "componete": 1}}, {"pk": 22, "model": "seguridad.alimentos", "fields": {"nombre": "Quequisque", "componete": 1}}, {"pk": 23, "model": "seguridad.alimentos", "fields": {"nombre": "Malanga", "componete": 1}}, {"pk": 24, "model": "seguridad.alimentos", "fields": {"nombre": "Avena", "componete": 1}}, {"pk": 1, "model": "seguridad.causa", "fields": {"nombre": "Fen\u00f3menos naturales"}}, {"pk": 2, "model": "seguridad.causa", "fields": {"nombre": "Razones agr\u00edcolas"}}, {"pk": 3, "model": "seguridad.causa", "fields": {"nombre": "Razones de mercados"}}, {"pk": 4, "model": "seguridad.causa", "fields": {"nombre": "Inversi\u00f3n"}}, {"pk": 1, "model": "seguridad.fenomeno", "fields": {"causa": 1, "nombre": "Sequ\u00eda"}}, {"pk": 2, "model": "seguridad.fenomeno", "fields": {"causa": 1, "nombre": "Inundaci\u00f3n"}}, {"pk": 3, "model": "seguridad.fenomeno", "fields": {"causa": 1, "nombre": "Vientos"}}, {"pk": 4, "model": "seguridad.fenomeno", "fields": {"causa": 1, "nombre": "Deslizamiento"}}, {"pk": 5, "model": "seguridad.fenomeno", "fields": {"causa": 2, "nombre": "Falta de semilla"}}, {"pk": 6, "model": "seguridad.fenomeno", "fields": {"causa": 2, "nombre": "Mala calidad de semilla"}}, {"pk": 7, "model": "seguridad.fenomeno", "fields": {"causa": 2, "nombre": "Plagas y enfermedades"}}, {"pk": 8, "model": "seguridad.fenomeno", "fields": {"causa": 3, "nombre": "Bajo precio"}}, {"pk": 9, "model": "seguridad.fenomeno", "fields": {"causa": 3, "nombre": "Falta de venta"}}, {"pk": 10, "model": "seguridad.fenomeno", "fields": {"causa": 3, "nombre": "Estafa de contrato"}}, {"pk": 11, "model": "seguridad.fenomeno", "fields": {"causa": 3, "nombre": "Falta calidad de producto"}}, {"pk": 12, "model": "seguridad.fenomeno", "fields": {"causa": 4, "nombre": "Falta de cr\u00e9dito"}}, {"pk": 13, "model": "seguridad.fenomeno", "fields": {"causa": 4, "nombre": "Altos inter\u00e9s"}}, {"pk": 1, "model": "seguridad.graves", "fields": {"nombre": "A\u00f1o con a\u00f1o"}}, {"pk": 2, "model": "seguridad.graves", "fields": {"nombre": "Cada 2 a\u00f1os"}}, {"pk": 3, "model": "seguridad.graves", "fields": {"nombre": "Cada 3 a\u00f1os"}}, {"pk": 4, "model": "seguridad.graves", "fields": {"nombre": "Nunca"}}, {"pk": 1, "model": "seguridad.preguntariesgo", "fields": {"nombre": "\u00bfRealiza monitoreo de plagas y enfermedades?"}}, {"pk": 2, "model": "seguridad.preguntariesgo", "fields": {"nombre": "\u00bfDisponen suficiente recursos para manejo de finca?"}}, {"pk": 3, "model": "seguridad.preguntariesgo", "fields": {"nombre": "\u00bfCuenta con obras para almacenamiento de agua?"}}, {"pk": 4, "model": "seguridad.preguntariesgo", "fields": {"nombre": "\u00bfParticipan en cadena de distribuci\u00f3n de productos?"}}, {"pk": 5, "model": "seguridad.preguntariesgo", "fields": {"nombre": "\u00bfCuenta con un contrato para la venta de productos?"}}, {"pk": 6, "model": "seguridad.preguntariesgo", "fields": {"nombre": "\u00bfDispone de tecnolog\u00eda para el secado y almacenamiento de cosecha?"}}]